endTime,addr,payload,countSuccess,totalTimeout,consecutiveTimeout,code,affected
1731477676.570571,1.1.1.1:443,160300dadd034913c52da75fd9f05dc76803917134808efed97ef8884f2151b712f60fed634f609f132033a15b77ed3ccaa2d20f5b,5,0,0,,false
1731477678.157155,1.1.1.1:443,150300dadd034913c52da75fd9f05dc76803917134808efed97ef8884f2151b712f60fed634f609f132033a15b77ed3ccaa2d20f5b,5,0,0,,false
